{
  "lang":"en",
  "name":"pipeline",
  "version":"0.0.0",
  "spacy_version":">=3.7.2,<3.8.0",
  "description":"",
  "author":"",
  "email":"",
  "url":"",
  "license":"",
  "spacy_git_version":"a89eae928",
  "vectors":{
    "width":0,
    "vectors":0,
    "keys":0,
    "name":null,
    "mode":"default"
  },
  "labels":{
    "tok2vec":[

    ],
    "ner":[
      "B-DES",
      "B-EMAIL",
      "B-NAME",
      "B-ORG",
      "B-PHOE",
      "B-PHONE",
      "B-WEB",
      "DES",
      "EMAIL",
      "I-DE",
      "I-DES",
      "I-EMAIL",
      "I-NAME",
      "I-OR",
      "I-ORG",
      "I-PHONE",
      "I-WEB",
      "NAME",
      "ORG",
      "PHONE",
      "WEB"
    ]
  },
  "pipeline":[
    "tok2vec",
    "ner"
  ],
  "components":[
    "tok2vec",
    "ner"
  ],
  "disabled":[

  ],
  "performance":{
    "ents_f":0.6006493506,
    "ents_p":0.649122807,
    "ents_r":0.5589123867,
    "ents_per_type":{
      "B-PHONE":{
        "p":0.7714285714,
        "r":0.675,
        "f":0.72
      },
      "I-PHONE":{
        "p":0.6326530612,
        "r":0.7045454545,
        "f":0.6666666667
      },
      "B-EMAIL":{
        "p":0.6666666667,
        "r":0.7272727273,
        "f":0.6956521739
      },
      "B-WEB":{
        "p":0.5555555556,
        "r":0.5555555556,
        "f":0.5555555556
      },
      "I-ORG":{
        "p":0.619047619,
        "r":0.5064935065,
        "f":0.5571428571
      },
      "B-NAME":{
        "p":0.6,
        "r":0.5454545455,
        "f":0.5714285714
      },
      "I-NAME":{
        "p":0.7741935484,
        "r":0.6857142857,
        "f":0.7272727273
      },
      "B-ORG":{
        "p":0.4444444444,
        "r":0.3333333333,
        "f":0.380952381
      },
      "B-DES":{
        "p":0.7058823529,
        "r":0.5714285714,
        "f":0.6315789474
      },
      "I-DES":{
        "p":0.7857142857,
        "r":0.55,
        "f":0.6470588235
      },
      "ORG":{
        "p":0.0,
        "r":0.0,
        "f":0.0
      },
      "I-EMAIL":{
        "p":0.0,
        "r":0.0,
        "f":0.0
      },
      "PHONE":{
        "p":0.0,
        "r":0.0,
        "f":0.0
      },
      "I-WEB":{
        "p":0.0,
        "r":0.0,
        "f":0.0
      },
      "NAME":{
        "p":0.0,
        "r":0.0,
        "f":0.0
      }
    },
    "tok2vec_loss":393.4694994217,
    "ner_loss":383.1426102789
  }
}