{
  "lang":"en",
  "name":"pipeline",
  "version":"0.0.0",
  "spacy_version":">=3.7.2,<3.8.0",
  "description":"",
  "author":"",
  "email":"",
  "url":"",
  "license":"",
  "spacy_git_version":"a89eae928",
  "vectors":{
    "width":0,
    "vectors":0,
    "keys":0,
    "name":null,
    "mode":"default"
  },
  "labels":{
    "tok2vec":[

    ],
    "ner":[
      "B-DES",
      "B-EMAIL",
      "B-NAME",
      "B-ORG",
      "B-PHOE",
      "B-PHONE",
      "B-WEB",
      "DES",
      "EMAIL",
      "I-DE",
      "I-DES",
      "I-EMAIL",
      "I-NAME",
      "I-ORG",
      "I-PHONE",
      "I-WEB",
      "NAME",
      "ORG",
      "PHONE",
      "WEB"
    ]
  },
  "pipeline":[
    "tok2vec",
    "ner"
  ],
  "components":[
    "tok2vec",
    "ner"
  ],
  "disabled":[

  ],
  "performance":{
    "ents_f":0.6313868613,
    "ents_p":0.6947791165,
    "ents_r":0.5785953177,
    "ents_per_type":{
      "B-EMAIL":{
        "p":0.8695652174,
        "r":0.9090909091,
        "f":0.8888888889
      },
      "B-ORG":{
        "p":0.3636363636,
        "r":0.4444444444,
        "f":0.4
      },
      "I-ORG":{
        "p":0.6,
        "r":0.5869565217,
        "f":0.5934065934
      },
      "I-PHONE":{
        "p":0.7419354839,
        "r":0.5476190476,
        "f":0.6301369863
      },
      "B-PHONE":{
        "p":0.7291666667,
        "r":0.7,
        "f":0.7142857143
      },
      "B-WEB":{
        "p":0.9090909091,
        "r":0.9090909091,
        "f":0.9090909091
      },
      "B-NAME":{
        "p":0.8235294118,
        "r":0.56,
        "f":0.6666666667
      },
      "I-DES":{
        "p":0.7333333333,
        "r":0.44,
        "f":0.55
      },
      "B-DES":{
        "p":0.7777777778,
        "r":0.3684210526,
        "f":0.5
      },
      "I-NAME":{
        "p":0.64,
        "r":0.5161290323,
        "f":0.5714285714
      },
      "I-EMAIL":{
        "p":1.0,
        "r":0.5,
        "f":0.6666666667
      },
      "I-WEB":{
        "p":0.0,
        "r":0.0,
        "f":0.0
      },
      "EMAIL":{
        "p":0.0,
        "r":0.0,
        "f":0.0
      },
      "ORG":{
        "p":0.0,
        "r":0.0,
        "f":0.0
      },
      "NAME":{
        "p":0.0,
        "r":0.0,
        "f":0.0
      },
      "I-OR":{
        "p":0.0,
        "r":0.0,
        "f":0.0
      }
    },
    "tok2vec_loss":441.2000604264,
    "ner_loss":423.5592084687
  }
}