{
  "lang":"en",
  "name":"pipeline",
  "version":"0.0.0",
  "spacy_version":">=3.7.2,<3.8.0",
  "description":"",
  "author":"",
  "email":"",
  "url":"",
  "license":"",
  "spacy_git_version":"a89eae928",
  "vectors":{
    "width":0,
    "vectors":0,
    "keys":0,
    "name":null,
    "mode":"default"
  },
  "labels":{
    "tok2vec":[

    ],
    "ner":[
      "B-DES",
      "B-EMAIL",
      "B-NAME",
      "B-ORG",
      "B-PHOE",
      "B-PHONE",
      "B-WEB",
      "DES",
      "EMAIL",
      "I-DE",
      "I-DES",
      "I-EMAIL",
      "I-NAME",
      "I-OR",
      "I-ORG",
      "I-PHONE",
      "I-WEB",
      "NAME",
      "ORG",
      "PHONE",
      "WEB"
    ]
  },
  "pipeline":[
    "tok2vec",
    "ner"
  ],
  "components":[
    "tok2vec",
    "ner"
  ],
  "disabled":[

  ],
  "performance":{
    "ents_f":0.6235864297,
    "ents_p":0.6701388889,
    "ents_r":0.583081571,
    "ents_per_type":{
      "B-PHONE":{
        "p":0.7894736842,
        "r":0.75,
        "f":0.7692307692
      },
      "I-PHONE":{
        "p":0.6744186047,
        "r":0.6590909091,
        "f":0.6666666667
      },
      "B-EMAIL":{
        "p":0.8,
        "r":0.5454545455,
        "f":0.6486486486
      },
      "B-WEB":{
        "p":0.7,
        "r":0.7777777778,
        "f":0.7368421053
      },
      "I-ORG":{
        "p":0.6029411765,
        "r":0.5324675325,
        "f":0.5655172414
      },
      "B-NAME":{
        "p":0.7333333333,
        "r":0.5,
        "f":0.5945945946
      },
      "I-NAME":{
        "p":0.7352941176,
        "r":0.7142857143,
        "f":0.7246376812
      },
      "B-ORG":{
        "p":0.4761904762,
        "r":0.4166666667,
        "f":0.4444444444
      },
      "B-DES":{
        "p":0.8235294118,
        "r":0.6666666667,
        "f":0.7368421053
      },
      "I-DES":{
        "p":0.6842105263,
        "r":0.65,
        "f":0.6666666667
      },
      "ORG":{
        "p":0.0,
        "r":0.0,
        "f":0.0
      },
      "I-EMAIL":{
        "p":0.1666666667,
        "r":0.0909090909,
        "f":0.1176470588
      },
      "PHONE":{
        "p":0.0,
        "r":0.0,
        "f":0.0
      },
      "NAME":{
        "p":0.0,
        "r":0.0,
        "f":0.0
      }
    },
    "tok2vec_loss":409.4269877534,
    "ner_loss":444.5269342222
  }
}