{
  "lang":"en",
  "name":"pipeline",
  "version":"0.0.0",
  "spacy_version":">=3.7.2,<3.8.0",
  "description":"",
  "author":"",
  "email":"",
  "url":"",
  "license":"",
  "spacy_git_version":"a89eae928",
  "vectors":{
    "width":0,
    "vectors":0,
    "keys":0,
    "name":null,
    "mode":"default"
  },
  "labels":{
    "tok2vec":[

    ],
    "ner":[
      "B-DES",
      "B-EMAIL",
      "B-NAME",
      "B-ORG",
      "B-PHOE",
      "B-PHONE",
      "B-WEB",
      "DES",
      "EMAIL",
      "I-DE",
      "I-DES",
      "I-EMAIL",
      "I-NAME",
      "I-ORG",
      "I-PHONE",
      "I-WEB",
      "NAME",
      "ORG",
      "PHONE",
      "WEB"
    ]
  },
  "pipeline":[
    "tok2vec",
    "ner"
  ],
  "components":[
    "tok2vec",
    "ner"
  ],
  "disabled":[

  ],
  "performance":{
    "ents_f":0.652173913,
    "ents_p":0.7114624506,
    "ents_r":0.602006689,
    "ents_per_type":{
      "B-NAME":{
        "p":0.7222222222,
        "r":0.52,
        "f":0.6046511628
      },
      "I-NAME":{
        "p":0.76,
        "r":0.6129032258,
        "f":0.6785714286
      },
      "B-EMAIL":{
        "p":0.9090909091,
        "r":0.9090909091,
        "f":0.9090909091
      },
      "B-ORG":{
        "p":0.4285714286,
        "r":0.5,
        "f":0.4615384615
      },
      "I-ORG":{
        "p":0.6274509804,
        "r":0.6956521739,
        "f":0.6597938144
      },
      "B-PHONE":{
        "p":0.75,
        "r":0.66,
        "f":0.7021276596
      },
      "I-PHONE":{
        "p":0.6388888889,
        "r":0.5476190476,
        "f":0.5897435897
      },
      "B-WEB":{
        "p":0.9090909091,
        "r":0.9090909091,
        "f":0.9090909091
      },
      "I-DES":{
        "p":0.8571428571,
        "r":0.48,
        "f":0.6153846154
      },
      "B-DES":{
        "p":0.7777777778,
        "r":0.3684210526,
        "f":0.5
      },
      "I-EMAIL":{
        "p":1.0,
        "r":0.5,
        "f":0.6666666667
      },
      "EMAIL":{
        "p":0.0,
        "r":0.0,
        "f":0.0
      },
      "ORG":{
        "p":0.0,
        "r":0.0,
        "f":0.0
      },
      "NAME":{
        "p":0.0,
        "r":0.0,
        "f":0.0
      },
      "I-OR":{
        "p":0.0,
        "r":0.0,
        "f":0.0
      }
    },
    "tok2vec_loss":389.720727573,
    "ner_loss":454.23756435
  }
}